customer_id,firstname,lastname,email,phone,postcode,business_id
1,James,Smith,james.smith@email.com,07700900123,SW1A 1AA,1
2,Emma,Johnson,emma.johnson@email.com,07700900124,M1 1AE,2
3,Oliver,Williams,oliver.williams@email.com,07700900125,B1 1AA,3
4,Amelia,Brown,amelia.brown@email.com,07700900126,L1 1AA,4
5,George,Jones,george.jones@email.com,07700900127,LS1 1AA,5
6,Isla,Taylor,isla.taylor@email.com,07700900128,NE1 1AA,1
7,Noah,Davies,noah.davies@email.com,07700900129,BS1 1AA,2
8,Ava,Evans,ava.evans@email.com,07700900130,CV1 1AA,3
9,Charlie,Wilson,charlie.wilson@email.com,07700900131,NG1 1AA,4
10,Mia,Thomas,mia.thomas@email.com,07700900132,S1 1AA,5
11,Leo,Roberts,leo.roberts@email.com,07700900133,PE1 1AA,1
12,Sophia,Walker,sophia.walker@email.com,07700900134,GL1 1AA,2
13,Harry,White,harry.white@email.com,07700900135,OX1 1AA,3
14,Emily,Hughes,emily.hughes@email.com,07700900136,BN1 1AA,4
15,Jack,Green,jack.green@email.com,07700900137,SO14 1AA,5
16,Poppy,Edwards,poppy.edwards@email.com,07700900138,CF10 1AA,1
17,Oscar,Lewis,oscar.lewis@email.com,07700900139,EH1 1AA,2
18,Lily,Clarke,lily.clarke@email.com,07700900140,AB10 1AA,3
19,Thomas,Hall,thomas.hall@email.com,07700900141,DD1 1AA,4
20,Grace,Allen,grace.allen@email.com,07700900142,G1 1AA,5
21,Alfie,Young,alfie.young@email.com,07700900143,BT1 1AA,1
22,Ella,King,ella.king@email.com,07700900144,SW1A 1AA,2
23,William,Wright,william.wright@email.com,07700900145,M1 1AE,3
24,Freya,Scott,freya.scott@email.com,07700900146,B1 1AA,4
25,Henry,Turner,henry.turner@email.com,07700900147,L1 1AA,5
26,Evie,Hill,evie.hill@email.com,07700900148,LS1 1AA,1
27,Archie,Moore,archie.moore@email.com,07700900149,NE1 1AA,2
28,Florence,Cooper,florence.cooper@email.com,07700900150,BS1 1AA,3
29,Lucas,Bell,lucas.bell@email.com,07700900151,CV1 1AA,4
30,Ivy,Ward,ivy.ward@email.com,07700900152,NG1 1AA,5
31,Arthur,Bailey,arthur.bailey@email.com,07700900153,S1 1AA,1
32,Rosie,Foster,rosie.foster@email.com,07700900154,PE1 1AA,2
33,Teddy,Parker,teddy.parker@email.com,07700900155,GL1 1AA,3
34,Daisy,Richardson,daisy.richardson@email.com,07700900156,OX1 1AA,4
35,Freddie,Cox,freddie.cox@email.com,07700900157,BN1 1AA,5
36,Isabella,Howard,isabella.howard@email.com,07700900158,SO14 1AA,1
37,Finley,Russell,finley.russell@email.com,07700900159,CF10 1AA,2
38,Phoebe,Watson,phoebe.watson@email.com,07700900160,EH1 1AA,3
39,Max,Brooks,max.brooks@email.com,07700900161,AB10 1AA,4
40,Sienna,Morgan,sienna.morgan@email.com,07700900162,DD1 1AA,5
41,Elijah,Graham,elijah.graham@email.com,07700900163,G1 1AA,1
42,Matilda,Powell,matilda.powell@email.com,07700900164,BT1 1AA,2
43,Sebastian,Cole,sebastian.cole@email.com,07700900165,SW1A 1AA,3
44,Willow,Price,willow.price@email.com,07700900166,M1 1AE,4
45,Ethan,Bennett,ethan.bennett@email.com,07700900167,B1 1AA,5
46,Maya,Wood,maya.wood@email.com,07700900168,L1 1AA,1
47,Alexander,Barnes,alexander.barnes@email.com,07700900169,LS1 1AA,2
48,Ruby,Marshall,ruby.marshall@email.com,07700900170,NE1 1AA,3
49,Benjamin,Ross,benjamin.ross@email.com,07700900171,BS1 1AA,4
50,Violet,Stone,violet.stone@email.com,07700900172,CV1 1AA,5
51,Jacob,Harrison,jacob.harrison@email.com,07700900173,NG1 1AA,1
52,Luna,Reed,luna.reed@email.com,07700900174,S1 1AA,2
53,Muhammad,Palmer,muhammad.palmer@email.com,07700900175,PE1 1AA,3
54,Esme,Mitchell,esme.mitchell@email.com,07700900176,GL1 1AA,4
55,Logan,Carter,logan.carter@email.com,07700900177,OX1 1AA,5
56,Millie,Phillips,millie.phillips@email.com,07700900178,BN1 1AA,1
57,Joshua,Kelly,joshua.kelly@email.com,07700900179,SO14 1AA,2
58,Harriet,Cook,harriet.cook@email.com,07700900180,CF10 1AA,3
59,Samuel,Rogers,samuel.rogers@email.com,07700900181,EH1 1AA,4
60,Sophie,Murphy,sophie.murphy@email.com,07700900182,AB10 1AA,5
61,Isaac,Henderson,isaac.henderson@email.com,07700900183,DD1 1AA,1
62,Scarlett,Adams,scarlett.adams@email.com,07700900184,G1 1AA,2
63,Daniel,Webb,daniel.webb@email.com,07700900185,BT1 1AA,3
64,Evelyn,Shaw,evelyn.shaw@email.com,07700900186,SW1A 1AA,4
65,Nathan,Collins,nathan.collins@email.com,07700900187,M1 1AE,5
66,Hannah,Jenkins,hannah.jenkins@email.com,07700900188,B1 1AA,1
67,Dylan,Hughes,dylan.hughes@email.com,07700900189,L1 1AA,2
68,Emilia,Simpson,emilia.simpson@email.com,07700900190,LS1 1AA,3
69,Zachary,Hunt,zachary.hunt@email.com,07700900191,NE1 1AA,4
70,Chloe,Gibson,chloe.gibson@email.com,07700900192,BS1 1AA,5
71,Joseph,Stevens,joseph.stevens@email.com,07700900193,CV1 1AA,1
72,Alice,Fletcher,alice.fletcher@email.com,07700900194,NG1 1AA,2
73,Mason,Arnold,mason.arnold@email.com,07700900195,S1 1AA,3
74,Layla,Warren,layla.warren@email.com,07700900196,PE1 1AA,4
75,Jayden,Ellis,jayden.ellis@email.com,07700900197,GL1 1AA,5
76,Charlotte,Owen,charlotte.owen@email.com,07700900198,OX1 1AA,1
77,Ryan,Chapman,ryan.chapman@email.com,07700900199,BN1 1AA,2
78,Arabella,Mason,arabella.mason@email.com,07700900200,SO14 1AA,3
79,Luke,Dixon,luke.dixon@email.com,07700900201,CF10 1AA,4
80,Ellie,Fowler,ellie.fowler@email.com,07700900202,EH1 1AA,5
81,Reuben,Gardner,reuben.gardner@email.com,07700900203,AB10 1AA,1
82,Isabelle,Bradley,isabelle.bradley@email.com,07700900204,DD1 1AA,2
83,Adam,Holmes,adam.holmes@email.com,07700900205,G1 1AA,3
84,Maisie,Knight,maisie.knight@email.com,07700900206,BT1 1AA,4
85,Gabriel,Reid,gabriel.reid@email.com,07700900207,SW1A 1AA,5
86,Lola,Harper,lola.harper@email.com,07700900208,M1 1AE,1
87,Harrison,Grant,harrison.grant@email.com,07700900209,B1 1AA,2
88,Amber,Ferguson,amber.ferguson@email.com,07700900210,L1 1AA,3
89,David,Duncan,david.duncan@email.com,07700900211,LS1 1AA,4
90,Penelope,Berry,penelope.berry@email.com,07700900212,NE1 1AA,5
91,Cameron,Wallace,cameron.wallace@email.com,07700900213,BS1 1AA,1
92,Jessica,Boyd,jessica.boyd@email.com,07700900214,CV1 1AA,2
93,Aaron,West,aaron.west@email.com,07700900215,NG1 1AA,3
94,Beatrice,Fletcher,beatrice.fletcher@email.com,07700900216,S1 1AA,4
95,Edward,Spencer,edward.spencer@email.com,07700900217,PE1 1AA,5
96,Lydia,Burton,lydia.burton@email.com,07700900218,GL1 1AA,1
97,Callum,Porter,callum.porter@email.com,07700900219,OX1 1AA,2
98,Zara,Robertson,zara.robertson@email.com,07700900220,BN1 1AA,3
99,Lewis,Fletcher,lewis.fletcher@email.com,07700900221,SO14 1AA,4
100,Gracie,Austin,gracie.austin@email.com,07700900222,CF10 1AA,5
